{
  "Total" : {
    "transaction" : "Total",
    "sampleCount" : 200,
    "errorCount" : 0,
    "errorPct" : 0.0,
    "meanResTime" : 6958.495000000001,
    "medianResTime" : 7004.0,
    "minResTime" : 1102.0,
    "maxResTime" : 12341.0,
    "pct1ResTime" : 11291.800000000001,
    "pct2ResTime" : 11840.05,
    "pct3ResTime" : 12283.560000000001,
    "throughput" : 14.9902563333833,
    "receivedKBytesPerSec" : 5.12925875524659,
    "sentKBytesPerSec" : 4.801566481786838
  },
  "HTTP Request" : {
    "transaction" : "HTTP Request",
    "sampleCount" : 200,
    "errorCount" : 0,
    "errorPct" : 0.0,
    "meanResTime" : 6958.495000000001,
    "medianResTime" : 7004.0,
    "minResTime" : 1102.0,
    "maxResTime" : 12341.0,
    "pct1ResTime" : 11291.800000000001,
    "pct2ResTime" : 11840.05,
    "pct3ResTime" : 12283.560000000001,
    "throughput" : 14.9902563333833,
    "receivedKBytesPerSec" : 5.12925875524659,
    "sentKBytesPerSec" : 4.801566481786838
  }
}